double,x,integer,character,factor,logical
84.9643305771755,12340,1,A,a,TRUE
100.34037030235078,1234,4,B,b,FALSE
98.07024353783403,123.4,9,C,c,TRUE
90.37116226855446,12.34,16,D,d,FALSE
106.46198879563482,1.234,25,E,e,TRUE
99.18429065217839,0.1234,36,F,f,FALSE
103.46509846287147,0.01234,49,G,g,TRUE
